Local time,Open,High,Low,Close,Volume
31.12.2003 17:00:00.000 GMT-0500,1.78547,1.85759,1.77832,1.82377,3454250.6014999985
31.01.2004 17:00:00.000 GMT-0500,1.82261,1.91378,1.81334,1.86810,3262034.7921999996
29.02.2004 17:00:00.000 GMT-0500,1.86728,1.87443,1.79043,1.84598,3754811.506800002
31.03.2004 17:00:00.000 GMT-0500,1.84581,1.85995,1.75803,1.77787,3613900.0325000025
30.04.2004 16:00:00.000 GMT-0500,1.77872,1.84193,1.74812,1.83197,3446614.2693999987
31.05.2004 16:00:00.000 GMT-0500,1.83199,1.84846,1.80106,1.81956,3688943.5919000027
30.06.2004 16:00:00.000 GMT-0500,1.81955,1.87705,1.80835,1.81934,3626899.2566000014
31.07.2004 16:00:00.000 GMT-0500,1.81923,1.84642,1.78509,1.80222,3592693.9261000003
31.08.2004 16:00:00.000 GMT-0500,1.80212,1.81588,1.77062,1.81158,3518893.0849000025
30.09.2004 16:00:00.000 GMT-0500,1.81151,1.84474,1.77433,1.83588,3335754.142700002
31.10.2004 17:00:00.000 GMT-0500,1.83844,1.91283,1.82959,1.90921,3389923.7919000033
30.11.2004 17:00:00.000 GMT-0500,1.90949,1.95469,1.90135,1.91814,3429648.592799998
31.12.2004 17:00:00.000 GMT-0500,1.91930,1.91985,1.85258,1.88252,3127381.9019000037
31.01.2005 17:00:00.000 GMT-0500,1.88253,1.92572,1.84974,1.92065,3007153.1580999987
28.02.2005 17:00:00.000 GMT-0500,1.92073,1.93231,1.85903,1.89017,3546185.134699999
31.03.2005 17:00:00.000 GMT-0500,1.89014,1.92137,1.86686,1.90850,3347420.0692999978
30.04.2005 16:00:00.000 GMT-0500,1.90771,1.90814,1.81088,1.81685,3298953.8913000003
31.05.2005 16:00:00.000 GMT-0500,1.81695,1.83982,1.78707,1.79105,3237627.7326999963
30.06.2005 16:00:00.000 GMT-0500,1.79102,1.79157,1.72798,1.75739,3103406.3976000003
31.07.2005 16:00:00.000 GMT-0500,1.75713,1.81740,1.75374,1.80378,3419095.351199998
31.08.2005 16:00:00.000 GMT-0500,1.80345,1.84985,1.75650,1.76405,3260279.533399998
30.09.2005 16:00:00.000 GMT-0500,1.76472,1.79001,1.73906,1.76955,3097925.2509999997
31.10.2005 17:00:00.000 GMT-0500,1.76928,1.77904,1.70474,1.72915,3215281.8480999973
30.11.2005 17:00:00.000 GMT-0500,1.72913,1.78061,1.71274,1.72255,3209863.6398999994
31.12.2005 17:00:00.000 GMT-0500,1.72255,1.79303,1.71755,1.77935,3229962.1141999983
31.01.2006 17:00:00.000 GMT-0500,1.77933,1.78120,1.72802,1.75345,2912107.2970999987
28.02.2006 17:00:00.000 GMT-0500,1.75343,1.76210,1.72273,1.73685,3366756.510999997
31.03.2006 17:00:00.000 GMT-0500,1.73647,1.82561,1.72492,1.82540,2924582.5248000007
30.04.2006 16:00:00.000 GMT-0500,1.82423,1.90180,1.82043,1.86925,3376713.9647999993
31.05.2006 16:00:00.000 GMT-0500,1.86920,1.88752,1.80759,1.84780,3253889.0480000004
30.06.2006 16:00:00.000 GMT-0500,1.84789,1.86874,1.81753,1.86720,3085898.7989999987
31.07.2006 16:00:00.000 GMT-0500,1.86715,1.91395,1.86252,1.90430,3385767.8840999994
31.08.2006 16:00:00.000 GMT-0500,1.90442,1.90789,1.86023,1.87203,3106086.053000005
30.09.2006 16:00:00.000 GMT-0500,1.87285,1.90968,1.85163,1.90732,3249371.447800001
31.10.2006 17:00:00.000 GMT-0500,1.90722,1.96980,1.88352,1.96575,3230931.9998000017
30.11.2006 17:00:00.000 GMT-0500,1.96560,1.98449,1.94337,1.95848,3154328.310299999
31.12.2006 17:00:00.000 GMT-0500,1.95860,1.99145,1.92608,1.96525,3428017.4889000035
31.01.2007 17:00:00.000 GMT-0500,1.96501,1.97440,1.94014,1.96368,2962998.867400001
28.02.2007 17:00:00.000 GMT-0500,1.96353,1.97244,1.91822,1.96780,3269498.520500001
31.03.2007 16:00:00.000 GMT-0500,1.96810,2.01320,1.95915,1.99930,8158676.8371
30.04.2007 16:00:00.000 GMT-0500,1.99930,2.00745,1.96755,1.97960,24118126.12300001
31.05.2007 16:00:00.000 GMT-0500,1.97960,2.00870,1.96220,2.00860,22239194.17000002
30.06.2007 16:00:00.000 GMT-0500,2.00815,2.06530,2.00580,2.03110,31567917.472999983
31.07.2007 16:00:00.000 GMT-0500,2.03120,2.04620,1.96510,2.01680,33215251.676300004
31.08.2007 16:00:00.000 GMT-0500,2.01715,2.04890,1.98790,2.04710,18859405.26669999
30.09.2007 16:00:00.000 GMT-0500,2.04546,2.08220,2.02465,2.07955,29079708.870700017
31.10.2007 16:00:00.000 GMT-0500,2.07955,2.11615,2.03520,2.05583,26500864.224000003
30.11.2007 17:00:00.000 GMT-0500,2.05460,2.06785,1.96933,1.98446,9253865.656500002
31.12.2007 17:00:00.000 GMT-0500,1.98445,1.99580,1.93360,1.98690,12237309.098800002
31.01.2008 17:00:00.000 GMT-0500,1.98671,1.99710,1.93620,1.98867,8868028.2897
29.02.2008 17:00:00.000 GMT-0500,1.98870,2.03980,1.97205,1.98350,13569333.086600006
31.03.2008 16:00:00.000 GMT-0500,1.98350,2.00470,1.95995,1.98735,14846648.367799997
30.04.2008 16:00:00.000 GMT-0500,1.98733,1.99085,1.93620,1.98190,3155696.836399994
31.05.2008 16:00:00.000 GMT-0500,1.97287,1.99660,1.94100,1.99215,4506961.515300001
30.06.2008 16:00:00.000 GMT-0500,1.99220,2.01550,1.96485,1.98400,4586203.420599999
31.07.2008 16:00:00.000 GMT-0500,1.98385,1.98410,1.81730,1.82080,4568375.358799996
31.08.2008 16:00:00.000 GMT-0500,1.81490,1.86685,1.74455,1.78050,8123891.5103
30.09.2008 16:00:00.000 GMT-0500,1.78060,1.78725,1.52590,1.60750,88134490.40349992
31.10.2008 16:00:00.000 GMT-0500,1.60800,1.63980,1.45565,1.53670,3007450.897100003
30.11.2008 17:00:00.000 GMT-0500,1.53622,1.57205,1.43505,1.46219,4329489.0115
31.12.2008 17:00:00.000 GMT-0500,1.46222,1.53735,1.35020,1.45355,5317043.985000004
31.01.2009 17:00:00.000 GMT-0500,1.44670,1.49855,1.40515,1.43120,5001581.4457000075
28.02.2009 17:00:00.000 GMT-0500,1.42885,1.47790,1.36540,1.43215,6654539.565199997
31.03.2009 16:00:00.000 GMT-0500,1.43215,1.50665,1.42725,1.47890,7671766.406599993
30.04.2009 16:00:00.000 GMT-0500,1.47845,1.61990,1.47530,1.61860,7896679.442199995
31.05.2009 16:00:00.000 GMT-0500,1.61932,1.67440,1.58020,1.64565,6897243.786900001
30.06.2009 16:00:00.000 GMT-0500,1.64585,1.67320,1.59830,1.67105,9594258.547300009
31.07.2009 16:00:00.000 GMT-0500,1.67167,1.70425,1.61535,1.62850,6495313.550099994
31.08.2009 16:00:00.000 GMT-0500,1.62850,1.67415,1.57695,1.59795,5569758.891300002
30.09.2009 16:00:00.000 GMT-0500,1.59795,1.66935,1.57080,1.64595,5848227.388699994
31.10.2009 16:00:00.000 GMT-0500,1.64030,1.68780,1.62610,1.64395,4737920.105199995
30.11.2009 17:00:00.000 GMT-0500,1.64390,1.67215,1.58315,1.61673,4379965.197600002
31.12.2009 17:00:00.000 GMT-0500,1.61733,1.64575,1.58960,1.59883,4688849.890199995
31.01.2010 17:00:00.000 GMT-0500,1.59440,1.60690,1.51515,1.52347,4965663.318600001
28.02.2010 17:00:00.000 GMT-0500,1.51540,1.53815,1.47805,1.51815,5872072.786800001
31.03.2010 16:00:00.000 GMT-0500,1.51810,1.55225,1.51250,1.52665,5741616.541099999
30.04.2010 16:00:00.000 GMT-0500,1.53240,1.53335,1.42275,1.45365,5266993.395099997
31.05.2010 16:00:00.000 GMT-0500,1.45325,1.51275,1.43460,1.49425,5733299.176699997
30.06.2010 16:00:00.000 GMT-0500,1.49425,1.57205,1.48730,1.56845,5510012.286000001
31.07.2010 16:00:00.000 GMT-0500,1.57037,1.59975,1.53260,1.53465,5699489.968599998
31.08.2010 16:00:00.000 GMT-0500,1.53465,1.59225,1.52965,1.57155,5822674.710000003
30.09.2010 16:00:00.000 GMT-0500,1.57155,1.61055,1.56500,1.60355,4801840.272499999
31.10.2010 16:00:00.000 GMT-0500,1.60428,1.62981,1.54841,1.55606,1851751.1957000007
30.11.2010 17:00:00.000 GMT-0500,1.55606,1.59103,1.53439,1.56081,2568664.231399996
31.12.2010 17:00:00.000 GMT-0500,1.55626,1.60586,1.54056,1.60120,2719233.3973999997
31.01.2011 17:00:00.000 GMT-0500,1.60099,1.62773,1.59628,1.62556,3422280.9916999973
28.02.2011 17:00:00.000 GMT-0500,1.62556,1.64003,1.59360,1.60264,4142191.8614999955
31.03.2011 16:00:00.000 GMT-0500,1.60254,1.67453,1.59717,1.67045,3416384.699999996
30.04.2011 16:00:00.000 GMT-0500,1.67090,1.67376,1.60580,1.64446,3998706.6800000067
31.05.2011 16:00:00.000 GMT-0500,1.64442,1.64952,1.59110,1.60521,3703235.9812000026
30.06.2011 16:00:00.000 GMT-0500,1.60510,1.64700,1.57800,1.64209,3490345.4148999993
31.07.2011 16:00:00.000 GMT-0500,1.64232,1.66175,1.61107,1.62514,4386806.950199996
31.08.2011 16:00:00.000 GMT-0500,1.62468,1.62615,1.53274,1.55795,4115049.961499999
30.09.2011 16:00:00.000 GMT-0500,1.55464,1.61659,1.52714,1.60854,4249894.807400006
31.10.2011 16:00:00.000 GMT-0500,1.60854,1.61293,1.54229,1.57041,4776406.025700003
30.11.2011 17:00:00.000 GMT-0500,1.57039,1.57737,1.53617,1.55407,4096294.6546
31.12.2011 17:00:00.000 GMT-0500,1.54957,1.57961,1.52336,1.57586,4485739.423299996
31.01.2012 17:00:00.000 GMT-0500,1.57585,1.59916,1.56442,1.59138,3652393.5542999967
29.02.2012 17:00:00.000 GMT-0500,1.59135,1.60367,1.56020,1.60158,3000679.678399996
31.03.2012 16:00:00.000 GMT-0500,1.60214,1.63008,1.58050,1.62330,2886085.2004000023
30.04.2012 16:00:00.000 GMT-0500,1.62337,1.62467,1.53598,1.54041,3687956.691299999
31.05.2012 16:00:00.000 GMT-0500,1.54036,1.57770,1.52677,1.57034,3750938.504399997
30.06.2012 16:00:00.000 GMT-0500,1.56952,1.57671,1.53924,1.56751,3865140.2782999994
31.07.2012 16:00:00.000 GMT-0500,1.56756,1.59121,1.54899,1.58629,3313122.2567999964
31.08.2012 16:00:00.000 GMT-0500,1.58771,1.63089,1.58256,1.61644,2782895.456399998
30.09.2012 16:00:00.000 GMT-0500,1.61458,1.62164,1.59130,1.61290,2914286.6841000062
31.10.2012 16:00:00.000 GMT-0500,1.61290,1.61745,1.58267,1.60108,2382610.4154000003
30.11.2012 17:00:00.000 GMT-0500,1.60172,1.63061,1.60019,1.62465,2123970.5306000006
31.12.2012 17:00:00.000 GMT-0500,1.62445,1.63823,1.56738,1.58557,3350326.2432999997
31.01.2013 17:00:00.000 GMT-0500,1.58557,1.58780,1.50714,1.51629,3287959.0405999976
28.02.2013 17:00:00.000 GMT-0500,1.51629,1.52599,1.48287,1.51958,3149153.4064
31.03.2013 16:00:00.000 GMT-0500,1.51873,1.55673,1.50332,1.55317,2983566.0424000034
30.04.2013 16:00:00.000 GMT-0500,1.55323,1.56051,1.50077,1.51977,3210971.420099998
31.05.2013 16:00:00.000 GMT-0500,1.52023,1.57515,1.51654,1.52105,2600518.272899998
30.06.2013 16:00:00.000 GMT-0500,1.52010,1.54344,1.48130,1.52054,2594087.8848999995
31.07.2013 16:00:00.000 GMT-0500,1.52056,1.57171,1.51020,1.55038,2065815.7382999996
31.08.2013 16:00:00.000 GMT-0500,1.55333,1.62026,1.55053,1.61843,1712504.7922999987
30.09.2013 16:00:00.000 GMT-0500,1.61846,1.62600,1.58940,1.60355,2010537.2889999992
31.10.2013 16:00:00.000 GMT-0500,1.60355,1.63841,1.58540,1.63622,2043945.1680000003
30.11.2013 17:00:00.000 GMT-0500,1.63690,1.65790,1.62189,1.65489,1802189.4679999996
31.12.2013 17:00:00.000 GMT-0500,1.65501,1.66679,1.63090,1.64352,1989920.3829999994
31.01.2014 17:00:00.000 GMT-0500,1.64186,1.68223,1.62522,1.67400,1774159.4009000026
28.02.2014 17:00:00.000 GMT-0500,1.67124,1.67857,1.64567,1.66615,1674056.9874000016
31.03.2014 16:00:00.000 GMT-0500,1.66615,1.69008,1.65539,1.68729,1454003.090000001
30.04.2014 16:00:00.000 GMT-0500,1.68728,1.69961,1.66928,1.67526,1674862.9789999991
31.05.2014 16:00:00.000 GMT-0500,1.67634,1.71149,1.66986,1.71050,2021560.6260000006
30.06.2014 16:00:00.000 GMT-0500,1.71047,1.71910,1.68569,1.68842,2273873.8490999998
31.07.2014 16:00:00.000 GMT-0500,1.68842,1.68926,1.65355,1.65958,2162126.6932999995
31.08.2014 16:00:00.000 GMT-0500,1.65916,1.66435,1.60518,1.62119,3857347.5062999967
30.09.2014 16:00:00.000 GMT-0500,1.62120,1.62514,1.58747,1.59904,4265490.738299997
31.10.2014 16:00:00.000 GMT-0500,1.59619,1.60217,1.55897,1.56399,3968109.9004
30.11.2014 17:00:00.000 GMT-0500,1.56482,1.57853,1.54858,1.55740,4808022.308500001
31.12.2014 17:00:00.000 GMT-0500,1.55739,1.55871,1.49511,1.50594,4780366.908399998
31.01.2015 17:00:00.000 GMT-0500,1.50898,1.55519,1.49883,1.54319,4634519.275200001
28.02.2015 17:00:00.000 GMT-0500,1.54165,1.54280,1.46347,1.48155,5782689.148999993
31.03.2015 16:00:00.000 GMT-0500,1.48152,1.54978,1.45656,1.53512,5664198.896200003
30.04.2015 16:00:00.000 GMT-0500,1.53513,1.58144,1.50889,1.52899,4955879.1178000085
31.05.2015 16:00:00.000 GMT-0500,1.52920,1.59294,1.51699,1.57135,3238038.567700002
30.06.2015 16:00:00.000 GMT-0500,1.57115,1.57334,1.53298,1.56146,3345258.401800001
31.07.2015 16:00:00.000 GMT-0500,1.56314,1.58181,1.53350,1.53430,3098914.8216
31.08.2015 16:00:00.000 GMT-0500,1.53429,1.56585,1.51072,1.51271,2894444.724400003
30.09.2015 16:00:00.000 GMT-0500,1.51277,1.55084,1.51069,1.54265,2924446.711299998
31.10.2015 16:00:00.000 GMT-0500,1.54488,1.54968,1.49936,1.50546,2472588.0223999997
30.11.2015 17:00:00.000 GMT-0500,1.50543,1.52398,1.47266,1.47293,3049010.029899998
31.12.2015 17:00:00.000 GMT-0500,1.47336,1.48160,1.40793,1.42409,3237039.132599999
31.01.2016 17:00:00.000 GMT-0500,1.42500,1.46680,1.38358,1.39136,3806173.6946000014
29.02.2016 17:00:00.000 GMT-0500,1.39136,1.45141,1.39039,1.43589,3666567.3105000025
31.03.2016 16:00:00.000 GMT-0500,1.43603,1.46700,1.40048,1.46085,3304805.187199999
30.04.2016 16:00:00.000 GMT-0500,1.45825,1.47698,1.43323,1.44806,3163151.3443999975
31.05.2016 16:00:00.000 GMT-0500,1.44803,1.50177,1.31208,1.33076,3877757.0524999993
30.06.2016 16:00:00.000 GMT-0500,1.33061,1.34802,1.27971,1.32224,6614549.505599997
31.07.2016 16:00:00.000 GMT-0500,1.32220,1.33714,1.28658,1.31371,8386388.018300001
31.08.2016 16:00:00.000 GMT-0500,1.31371,1.34448,1.29145,1.29737,10427159.432999993
30.09.2016 16:00:00.000 GMT-0500,1.29184,1.29460,1.19198,1.22435,7876215.83009999
31.10.2016 16:00:00.000 GMT-0500,1.22435,1.26733,1.22057,1.25039,4006136.9926
30.11.2016 17:00:00.000 GMT-0500,1.25037,1.27744,1.22006,1.23399,3245032.680799998
31.12.2016 17:00:00.000 GMT-0500,1.23202,1.26731,1.19870,1.25777,4021470.2754
31.01.2017 17:00:00.000 GMT-0500,1.25759,1.27060,1.23467,1.23800,3133958.2685000002
28.02.2017 17:00:00.000 GMT-0500,1.23800,1.26151,1.21092,1.25512,3258253.3832000005
31.03.2017 16:00:00.000 GMT-0500,1.25424,1.29648,1.23652,1.29476,2855041.4096000036
30.04.2017 16:00:00.000 GMT-0500,1.29267,1.30476,1.27692,1.28881,3267796.051199999
31.05.2017 16:00:00.000 GMT-0500,1.28881,1.30298,1.25890,1.30183,3043756.098900001
30.06.2017 16:00:00.000 GMT-0500,1.30039,1.32236,1.28116,1.32134,2796855.1832999983
31.07.2017 16:00:00.000 GMT-0500,1.32141,1.32679,1.27738,1.29286,2790584.7297000005
31.08.2017 16:00:00.000 GMT-0500,1.29286,1.36574,1.29051,1.33953,3434285.742799998
30.09.2017 16:00:00.000 GMT-0500,1.33689,1.34021,1.30270,1.32821,3018890.444599999
31.10.2017 16:00:00.000 GMT-0500,1.32808,1.35486,1.30390,1.35240,3297115.6913999966
30.11.2017 17:00:00.000 GMT-0500,1.35240,1.35491,1.33013,1.34944,3375464.809300005
31.12.2017 17:00:00.000 GMT-0500,1.35065,1.43451,1.34579,1.41902,4512083.6965
31.01.2018 17:00:00.000 GMT-0500,1.41890,1.42781,1.37564,1.37590,4771464.256999996
28.02.2018 17:00:00.000 GMT-0500,1.37591,1.42442,1.37115,1.40088,3537430.755999999
31.03.2018 16:00:00.000 GMT-0500,1.40224,1.43763,1.37125,1.37550,2593965.4787000003
30.04.2018 16:00:00.000 GMT-0500,1.37547,1.37725,1.32044,1.32957,3994404.7962999963
31.05.2018 16:00:00.000 GMT-0500,1.32953,1.34722,1.30495,1.32040,3350798.757200001
30.06.2018 16:00:00.000 GMT-0500,1.31825,1.33625,1.29574,1.31220,3505784.436799999
31.07.2018 16:00:00.000 GMT-0500,1.31208,1.31440,1.26617,1.29528,3150339.625700001
31.08.2018 16:00:00.000 GMT-0500,1.29095,1.32980,1.27851,1.30278,2901802.2699
30.09.2018 16:00:00.000 GMT-0500,1.30371,1.32575,1.26905,1.27644,3710047.759400001
31.10.2018 16:00:00.000 GMT-0500,1.27648,1.31744,1.27232,1.27509,3692515.221099997
30.11.2018 17:00:00.000 GMT-0500,1.27644,1.28394,1.24766,1.27526,3974352.142000001
31.12.2018 17:00:00.000 GMT-0500,1.27459,1.32172,1.24250,1.31062,5147348.7584000025
31.01.2019 17:00:00.000 GMT-0500,1.31062,1.33499,1.27727,1.32613,4488458.502099997
28.02.2019 17:00:00.000 GMT-0500,1.32608,1.33808,1.29604,1.30294,5106144.589599999
31.03.2019 16:00:00.000 GMT-0500,1.30368,1.31956,1.28654,1.30294,3951647.585199998
30.04.2019 16:00:00.000 GMT-0500,1.30283,1.31762,1.25590,1.26291,3210306.819699998
31.05.2019 16:00:00.000 GMT-0500,1.26277,1.27836,1.25058,1.26916,3349815.6171000022
30.06.2019 16:00:00.000 GMT-0500,1.26968,1.27053,1.21185,1.21573,3238203.543600002
31.07.2019 16:00:00.000 GMT-0500,1.21513,1.23097,1.20148,1.21573,4397106.649799999
31.08.2019 16:00:00.000 GMT-0500,1.21472,1.25821,1.19581,1.22835,3613609.158900002
30.09.2019 16:00:00.000 GMT-0500,1.22834,1.30120,1.21949,1.29404,4240736.808600001
31.10.2019 16:00:00.000 GMT-0500,1.29392,1.29854,1.27684,1.29132,2523660.045799999
30.11.2019 17:00:00.000 GMT-0500,1.29093,1.35149,1.28959,1.32559,3097318.343099997
31.12.2019 17:00:00.000 GMT-0500,1.32463,1.32661,1.29542,1.32014,3324441.1739999955
31.01.2020 17:00:00.000 GMT-0500,1.31766,1.31837,1.27255,1.28125,5082821.1703
29.02.2020 17:00:00.000 GMT-0500,1.27879,1.32003,1.14095,1.24163,7792408.078500003
31.03.2020 16:00:00.000 GMT-0500,1.24224,1.26470,1.21645,1.25915,6446893.182299992
30.04.2020 16:00:00.000 GMT-0500,1.25915,1.26000,1.20745,1.23454,4159830.538300001
31.05.2020 16:00:00.000 GMT-0500,1.23236,1.28127,1.22514,1.24000,7151479.775200005
30.06.2020 16:00:00.000 GMT-0500,1.23998,1.31699,1.23592,1.30836,5390098.230700001
31.07.2020 16:00:00.000 GMT-0500,1.30755,1.33952,1.29809,1.33676,6028087.669200001
31.08.2020 16:00:00.000 GMT-0500,1.33675,1.34821,1.26748,1.29138,6734394.177099994
30.09.2020 16:00:00.000 GMT-0500,1.29138,1.31766,1.28191,1.29472,8286612.793499996
31.10.2020 16:00:00.000 GMT-0500,1.29243,1.33975,1.28538,1.33214,7205002.460600004
30.11.2020 17:00:00.000 GMT-0500,1.33214,1.36859,1.31339,1.36630,4494401.164199994
31.12.2020 17:00:00.000 GMT-0500,1.36455,1.37585,1.34503,1.37023,2413239.862500001
31.01.2021 17:00:00.000 GMT-0500,1.37052,1.42415,1.35655,1.39244,1797049.2949000015
28.02.2021 17:00:00.000 GMT-0500,1.39290,1.40171,1.36700,1.37791,2286894.1655999986
31.03.2021 16:00:00.000 GMT-0500,1.37792,1.40089,1.36689,1.38077,1658513.3073000002
30.04.2021 16:00:00.000 GMT-0500,1.38116,1.42336,1.38008,1.42093,1771083.1619999993
31.05.2021 16:00:00.000 GMT-0500,1.42090,1.42491,1.37859,1.38281,2046772.5602999998
30.06.2021 16:00:00.000 GMT-0500,1.38281,1.39832,1.35717,1.38959,2121091.9801999996
31.07.2021 16:00:00.000 GMT-0500,1.38963,1.39574,1.36019,1.37531,1113486.7396999993
31.08.2021 16:00:00.000 GMT-0500,1.37532,1.39130,1.34116,1.34712,1344420.6387999994
30.09.2021 16:00:00.000 GMT-0500,1.34711,1.38343,1.34333,1.36762,1388898.718200001
31.10.2021 16:00:00.000 GMT-0500,1.36764,1.36984,1.31943,1.32977,1866968.9326000002
30.11.2021 17:00:00.000 GMT-0500,1.32977,1.35500,1.31612,1.35177,1799589.1993999996
31.12.2021 17:00:00.000 GMT-0500,1.35199,1.37487,1.33577,1.34442,1636646.5267000014
31.01.2022 17:00:00.000 GMT-0500,1.34441,1.36432,1.32726,1.34162,2156844.021900001
28.02.2022 17:00:00.000 GMT-0500,1.34174,1.34370,1.30000,1.31338,2994675.744600001
31.03.2022 16:00:00.000 GMT-0500,1.31329,1.31666,1.24108,1.25671,2518372.8788999994
30.04.2022 16:00:00.000 GMT-0500,1.25794,1.26663,1.21550,1.25976,3138049.3117000023
31.05.2022 16:00:00.000 GMT-0500,1.25970,1.26162,1.19332,1.21763,3349660.4086999977
30.06.2022 16:00:00.000 GMT-0500,1.21716,1.22454,1.17599,1.21745,3835473.0026999987
31.07.2022 16:00:00.000 GMT-0500,1.21616,1.22931,1.15988,1.16202,3103794.969399999
31.08.2022 16:00:00.000 GMT-0500,1.16206,1.17379,1.03261,1.11538,4440664.335400002
30.09.2022 16:00:00.000 GMT-0500,1.11504,1.16449,1.09227,1.14616,6924425.150199997
31.10.2022 16:00:00.000 GMT-0500,1.14578,1.21530,1.11450,1.20540,7096082.0315000005
30.11.2022 17:00:00.000 GMT-0500,1.20535,1.24464,1.19919,1.20934,5247920.295100002
31.12.2022 17:00:00.000 GMT-0500,1.20615,1.24476,1.18408,1.23137,3911284.396199999
31.01.2023 17:00:00.000 GMT-0500,1.23138,1.24010,1.19145,1.20169,3689354.0063000014
28.02.2023 17:00:00.000 GMT-0500,1.20170,1.24227,1.18024,1.23287,5815921.084600005
31.03.2023 16:00:00.000 GMT-0500,1.23274,1.25837,1.22740,1.25608,2839820.472799999
30.04.2023 16:00:00.000 GMT-0500,1.25538,1.26794,1.23076,1.24379,3124566.965
31.05.2023 16:00:00.000 GMT-0500,1.24376,1.28481,1.23681,1.26902,2935784.973800001
30.06.2023 16:00:00.000 GMT-0500,1.26892,1.31421,1.26582,1.28344,2648363.982500001
31.07.2023 16:00:00.000 GMT-0500,1.28345,1.28408,1.25476,1.26719,3000521.296
31.08.2023 16:00:00.000 GMT-0500,1.26719,1.27127,1.21101,1.21942,2498387.180899999
30.09.2023 16:00:00.000 GMT-0500,1.21936,1.23371,1.20369,1.21524,2601598.6539
31.10.2023 16:00:00.000 GMT-0500,1.21509,1.27329,1.20955,1.26217,2438456.231700002
30.11.2023 17:00:00.000 GMT-0500,1.26228,1.28272,1.24999,1.27292,2966957.7896000035
31.12.2023 17:00:00.000 GMT-0500,1.27184,1.27854,1.25963,1.26868,2774034.753400002
31.01.2024 17:00:00.000 GMT-0500,1.26862,1.27721,1.25181,1.26237,1986636.5413999998
29.02.2024 17:00:00.000 GMT-0500,1.26232,1.28934,1.25748,1.26158,1696055.0469000018
31.03.2024 16:00:00.000 GMT-0500,1.26077,1.27090,1.22991,1.24907,2036173.7242999997
30.04.2024 16:00:00.000 GMT-0500,1.24904,1.28005,1.24457,1.27404,1812324.5975
31.05.2024 16:00:00.000 GMT-0500,1.27336,1.28604,1.26125,1.26427,1542841.7601000005
30.06.2024 16:00:00.000 GMT-0500,1.26492,1.30443,1.26152,1.28551,2125066.8000999964
31.07.2024 16:00:00.000 GMT-0500,1.28546,1.32657,1.26648,1.31231,2360656.491200001
31.08.2024 16:00:00.000 GMT-0500,1.31270,1.34341,1.30016,1.33729,2601103.3965
30.09.2024 16:00:00.000 GMT-0500,1.33730,1.33894,1.28434,1.28986,2866212.8272999986
31.10.2024 16:00:00.000 GMT-0500,1.28986,1.30475,1.24869,1.27257,3906531.1122999997
30.11.2024 17:00:00.000 GMT-0500,1.27223,1.28110,1.25003,1.25027,1979477.3914972856